peer,date,time,state
cgreenbe,2022-03-22,11:37:01,1
cgreenbe,2022-03-22,12:37:01,2
cgreenbe,2022-03-22,14:37:01,1
barnards,2022-03-22,13:37:04,1
pintoved,2022-03-22,13:37:04,1
bgreydon,2022-03-22,11:37:07,1
bromanyt,2022-03-22,13:37:10,1
accordij,2022-03-22,13:37:13,1
richesea,2022-03-22,11:37:16,1
cgreenbe,2022-03-22,21:40:00,2
pintoved,2022-03-22,21:40:03,2
barnards,2022-03-22,21:37:04,2
bgreydon,2022-03-22,21:40:06,2
bromanyt,2022-03-22,21:40:09,2
accordij,2022-03-22,21:40:12,2
richesea,2022-03-22,21:40:15,2
richesea,2022-03-23,13:37:01,1
addaclic,2022-03-23,13:37:04,1
blinkyma,2022-03-23,13:37:07,1
flamelgl,2022-03-23,13:37:10,1
sshunpik,2022-03-23,13:37:13,1
faraldma,2022-03-23,13:37:16,1
bellatri,2023-02-28,13:37:19,1
richesea,2022-03-23,21:40:00,2
addaclic,2022-03-23,21:40:03,2
blinkyma,2022-03-23,21:40:06,2
flamelgl,2022-03-23,21:40:09,2
sshunpik,2022-03-23,21:40:12,2
faraldma,2022-03-23,21:40:15,2
bellatri,2023-02-28,21:00:18,2
cgreenbe,2023-02-28,11:37:01,1
cgreenbe,2023-02-28,12:37:01,2
cgreenbe,2023-02-28,14:37:01,1
cgreenbe,2023-02-28,21:40:00,2
pintoved,2023-03-03,10:00:00,1
bellatri,2023-03-03,09:40:00,1
pintoved,2023-03-03,13:00:00,2
bellatri,2023-03-03,13:00:00,2
pintoved,2023-03-03,14:00:00,1
bellatri,2023-03-03,14:00:00,1
pintoved,2023-03-03,21:40:00,2
bellatri,2023-03-03,21:40:00,2
pintoved,2023-01-03,10:00:00,1
bellatri,2023-01-03,10:00:00,1
pintoved,2023-01-03,22:00:00,2
bellatri,2023-01-03,22:00:00,2
pintoved,2023-01-04,22:00:00,1